{"licenses":[{"name":"","id":0,"url":""}],"info":{"contributor":"","date_created":"","description":"","url":"","version":"","year":""},"categories":[{"id":1,"name":"edema","supercategory":""},{"id":2,"name":"non-enhancing tumor","supercategory":""},{"id":3,"name":"enhancing tumour","supercategory":""}],"images":[{"id":1,"width":240,"height":240,"file_name":"slice_0000.png","license":0,"flickr_url":"","coco_url":"","date_captured":0},{"id":2,"width":240,"height":240,"file_name":"slice_0001.png","license":0,"flickr_url":"","coco_url":"","date_captured":0},{"id":3,"width":240,"height":240,"file_name":"slice_0002.png","license":0,"flickr_url":"","coco_url":"","date_captured":0},{"id":4,"width":240,"height":240,"file_name":"slice_0003.png","license":0,"flickr_url":"","coco_url":"","date_captured":0},{"id":5,"width":240,"height":240,"file_name":"slice_0004.png","license":0,"flickr_url":"","coco_url":"","date_captured":0},{"id":6,"width":240,"height":240,"file_name":"slice_0005.png","license":0,"flickr_url":"","coco_url":"","date_captured":0},{"id":7,"width":240,"height":240,"file_name":"slice_0006.png","license":0,"flickr_url":"","coco_url":"","date_captured":0},{"id":8,"width":240,"height":240,"file_name":"slice_0007.png","license":0,"flickr_url":"","coco_url":"","date_captured":0},{"id":9,"width":240,"height":240,"file_name":"slice_0008.png","license":0,"flickr_url":"","coco_url":"","date_captured":0},{"id":10,"width":240,"height":240,"file_name":"slice_0009.png","license":0,"flickr_url":"","coco_url":"","date_captured":0},{"id":11,"width":240,"height":240,"file_name":"slice_0010.png","license":0,"flickr_url":"","coco_url":"","date_captured":0},{"id":12,"width":240,"height":240,"file_name":"slice_0011.png","license":0,"flickr_url":"","coco_url":"","date_captured":0},{"id":13,"width":240,"height":240,"file_name":"slice_0012.png","license":0,"flickr_url":"","coco_url":"","date_captured":0},{"id":14,"width":240,"height":240,"file_name":"slice_0013.png","license":0,"flickr_url":"","coco_url":"","date_captured":0},{"id":15,"width":240,"height":240,"file_name":"slice_0014.png","license":0,"flickr_url":"","coco_url":"","date_captured":0},{"id":16,"width":240,"height":240,"file_name":"slice_0015.png","license":0,"flickr_url":"","coco_url":"","date_captured":0},{"id":17,"width":240,"height":240,"file_name":"slice_0016.png","license":0,"flickr_url":"","coco_url":"","date_captured":0},{"id":18,"width":240,"height":240,"file_name":"slice_0017.png","license":0,"flickr_url":"","coco_url":"","date_captured":0},{"id":19,"width":240,"height":240,"file_name":"slice_0018.png","license":0,"flickr_url":"","coco_url":"","date_captured":0},{"id":20,"width":240,"height":240,"file_name":"slice_0019.png","license":0,"flickr_url":"","coco_url":"","date_captured":0},{"id":21,"width":240,"height":240,"file_name":"slice_0020.png","license":0,"flickr_url":"","coco_url":"","date_captured":0},{"id":22,"width":240,"height":240,"file_name":"slice_0021.png","license":0,"flickr_url":"","coco_url":"","date_captured":0},{"id":23,"width":240,"height":240,"file_name":"slice_0022.png","license":0,"flickr_url":"","coco_url":"","date_captured":0},{"id":24,"width":240,"height":240,"file_name":"slice_0023.png","license":0,"flickr_url":"","coco_url":"","date_captured":0},{"id":25,"width":240,"height":240,"file_name":"slice_0024.png","license":0,"flickr_url":"","coco_url":"","date_captured":0},{"id":26,"width":240,"height":240,"file_name":"slice_0025.png","license":0,"flickr_url":"","coco_url":"","date_captured":0},{"id":27,"width":240,"height":240,"file_name":"slice_0026.png","license":0,"flickr_url":"","coco_url":"","date_captured":0},{"id":28,"width":240,"height":240,"file_name":"slice_0027.png","license":0,"flickr_url":"","coco_url":"","date_captured":0},{"id":29,"width":240,"height":240,"file_name":"slice_0028.png","license":0,"flickr_url":"","coco_url":"","date_captured":0},{"id":30,"width":240,"height":240,"file_name":"slice_0029.png","license":0,"flickr_url":"","coco_url":"","date_captured":0},{"id":31,"width":240,"height":240,"file_name":"slice_0030.png","license":0,"flickr_url":"","coco_url":"","date_captured":0},{"id":32,"width":240,"height":240,"file_name":"slice_0031.png","license":0,"flickr_url":"","coco_url":"","date_captured":0},{"id":33,"width":240,"height":240,"file_name":"slice_0032.png","license":0,"flickr_url":"","coco_url":"","date_captured":0},{"id":34,"width":240,"height":240,"file_name":"slice_0033.png","license":0,"flickr_url":"","coco_url":"","date_captured":0},{"id":35,"width":240,"height":240,"file_name":"slice_0034.png","license":0,"flickr_url":"","coco_url":"","date_captured":0},{"id":36,"width":240,"height":240,"file_name":"slice_0035.png","license":0,"flickr_url":"","coco_url":"","date_captured":0},{"id":37,"width":240,"height":240,"file_name":"slice_0036.png","license":0,"flickr_url":"","coco_url":"","date_captured":0},{"id":38,"width":240,"height":240,"file_name":"slice_0037.png","license":0,"flickr_url":"","coco_url":"","date_captured":0},{"id":39,"width":240,"height":240,"file_name":"slice_0038.png","license":0,"flickr_url":"","coco_url":"","date_captured":0},{"id":40,"width":240,"height":240,"file_name":"slice_0039.png","license":0,"flickr_url":"","coco_url":"","date_captured":0},{"id":41,"width":240,"height":240,"file_name":"slice_0040.png","license":0,"flickr_url":"","coco_url":"","date_captured":0},{"id":42,"width":240,"height":240,"file_name":"slice_0041.png","license":0,"flickr_url":"","coco_url":"","date_captured":0},{"id":43,"width":240,"height":240,"file_name":"slice_0042.png","license":0,"flickr_url":"","coco_url":"","date_captured":0},{"id":44,"width":240,"height":240,"file_name":"slice_0043.png","license":0,"flickr_url":"","coco_url":"","date_captured":0},{"id":45,"width":240,"height":240,"file_name":"slice_0044.png","license":0,"flickr_url":"","coco_url":"","date_captured":0},{"id":46,"width":240,"height":240,"file_name":"slice_0045.png","license":0,"flickr_url":"","coco_url":"","date_captured":0},{"id":47,"width":240,"height":240,"file_name":"slice_0046.png","license":0,"flickr_url":"","coco_url":"","date_captured":0},{"id":48,"width":240,"height":240,"file_name":"slice_0047.png","license":0,"flickr_url":"","coco_url":"","date_captured":0},{"id":49,"width":240,"height":240,"file_name":"slice_0048.png","license":0,"flickr_url":"","coco_url":"","date_captured":0},{"id":50,"width":240,"height":240,"file_name":"slice_0049.png","license":0,"flickr_url":"","coco_url":"","date_captured":0},{"id":51,"width":240,"height":240,"file_name":"slice_0050.png","license":0,"flickr_url":"","coco_url":"","date_captured":0},{"id":52,"width":240,"height":240,"file_name":"slice_0051.png","license":0,"flickr_url":"","coco_url":"","date_captured":0},{"id":53,"width":240,"height":240,"file_name":"slice_0052.png","license":0,"flickr_url":"","coco_url":"","date_captured":0},{"id":54,"width":240,"height":240,"file_name":"slice_0053.png","license":0,"flickr_url":"","coco_url":"","date_captured":0},{"id":55,"width":240,"height":240,"file_name":"slice_0054.png","license":0,"flickr_url":"","coco_url":"","date_captured":0},{"id":56,"width":240,"height":240,"file_name":"slice_0055.png","license":0,"flickr_url":"","coco_url":"","date_captured":0},{"id":57,"width":240,"height":240,"file_name":"slice_0056.png","license":0,"flickr_url":"","coco_url":"","date_captured":0},{"id":58,"width":240,"height":240,"file_name":"slice_0057.png","license":0,"flickr_url":"","coco_url":"","date_captured":0},{"id":59,"width":240,"height":240,"file_name":"slice_0058.png","license":0,"flickr_url":"","coco_url":"","date_captured":0},{"id":60,"width":240,"height":240,"file_name":"slice_0059.png","license":0,"flickr_url":"","coco_url":"","date_captured":0},{"id":61,"width":240,"height":240,"file_name":"slice_0060.png","license":0,"flickr_url":"","coco_url":"","date_captured":0},{"id":62,"width":240,"height":240,"file_name":"slice_0061.png","license":0,"flickr_url":"","coco_url":"","date_captured":0},{"id":63,"width":240,"height":240,"file_name":"slice_0062.png","license":0,"flickr_url":"","coco_url":"","date_captured":0},{"id":64,"width":240,"height":240,"file_name":"slice_0063.png","license":0,"flickr_url":"","coco_url":"","date_captured":0},{"id":65,"width":240,"height":240,"file_name":"slice_0064.png","license":0,"flickr_url":"","coco_url":"","date_captured":0},{"id":66,"width":240,"height":240,"file_name":"slice_0065.png","license":0,"flickr_url":"","coco_url":"","date_captured":0},{"id":67,"width":240,"height":240,"file_name":"slice_0066.png","license":0,"flickr_url":"","coco_url":"","date_captured":0},{"id":68,"width":240,"height":240,"file_name":"slice_0067.png","license":0,"flickr_url":"","coco_url":"","date_captured":0},{"id":69,"width":240,"height":240,"file_name":"slice_0068.png","license":0,"flickr_url":"","coco_url":"","date_captured":0},{"id":70,"width":240,"height":240,"file_name":"slice_0069.png","license":0,"flickr_url":"","coco_url":"","date_captured":0},{"id":71,"width":240,"height":240,"file_name":"slice_0070.png","license":0,"flickr_url":"","coco_url":"","date_captured":0},{"id":72,"width":240,"height":240,"file_name":"slice_0071.png","license":0,"flickr_url":"","coco_url":"","date_captured":0},{"id":73,"width":240,"height":240,"file_name":"slice_0072.png","license":0,"flickr_url":"","coco_url":"","date_captured":0},{"id":74,"width":240,"height":240,"file_name":"slice_0073.png","license":0,"flickr_url":"","coco_url":"","date_captured":0},{"id":75,"width":240,"height":240,"file_name":"slice_0074.png","license":0,"flickr_url":"","coco_url":"","date_captured":0},{"id":76,"width":240,"height":240,"file_name":"slice_0075.png","license":0,"flickr_url":"","coco_url":"","date_captured":0},{"id":77,"width":240,"height":240,"file_name":"slice_0076.png","license":0,"flickr_url":"","coco_url":"","date_captured":0},{"id":78,"width":240,"height":240,"file_name":"slice_0077.png","license":0,"flickr_url":"","coco_url":"","date_captured":0},{"id":79,"width":240,"height":240,"file_name":"slice_0078.png","license":0,"flickr_url":"","coco_url":"","date_captured":0},{"id":80,"width":240,"height":240,"file_name":"slice_0079.png","license":0,"flickr_url":"","coco_url":"","date_captured":0},{"id":81,"width":240,"height":240,"file_name":"slice_0080.png","license":0,"flickr_url":"","coco_url":"","date_captured":0},{"id":82,"width":240,"height":240,"file_name":"slice_0081.png","license":0,"flickr_url":"","coco_url":"","date_captured":0},{"id":83,"width":240,"height":240,"file_name":"slice_0082.png","license":0,"flickr_url":"","coco_url":"","date_captured":0},{"id":84,"width":240,"height":240,"file_name":"slice_0083.png","license":0,"flickr_url":"","coco_url":"","date_captured":0},{"id":85,"width":240,"height":240,"file_name":"slice_0084.png","license":0,"flickr_url":"","coco_url":"","date_captured":0},{"id":86,"width":240,"height":240,"file_name":"slice_0085.png","license":0,"flickr_url":"","coco_url":"","date_captured":0},{"id":87,"width":240,"height":240,"file_name":"slice_0086.png","license":0,"flickr_url":"","coco_url":"","date_captured":0},{"id":88,"width":240,"height":240,"file_name":"slice_0087.png","license":0,"flickr_url":"","coco_url":"","date_captured":0},{"id":89,"width":240,"height":240,"file_name":"slice_0088.png","license":0,"flickr_url":"","coco_url":"","date_captured":0},{"id":90,"width":240,"height":240,"file_name":"slice_0089.png","license":0,"flickr_url":"","coco_url":"","date_captured":0},{"id":91,"width":240,"height":240,"file_name":"slice_0090.png","license":0,"flickr_url":"","coco_url":"","date_captured":0},{"id":92,"width":240,"height":240,"file_name":"slice_0091.png","license":0,"flickr_url":"","coco_url":"","date_captured":0},{"id":93,"width":240,"height":240,"file_name":"slice_0092.png","license":0,"flickr_url":"","coco_url":"","date_captured":0},{"id":94,"width":240,"height":240,"file_name":"slice_0093.png","license":0,"flickr_url":"","coco_url":"","date_captured":0},{"id":95,"width":240,"height":240,"file_name":"slice_0094.png","license":0,"flickr_url":"","coco_url":"","date_captured":0},{"id":96,"width":240,"height":240,"file_name":"slice_0095.png","license":0,"flickr_url":"","coco_url":"","date_captured":0},{"id":97,"width":240,"height":240,"file_name":"slice_0096.png","license":0,"flickr_url":"","coco_url":"","date_captured":0},{"id":98,"width":240,"height":240,"file_name":"slice_0097.png","license":0,"flickr_url":"","coco_url":"","date_captured":0},{"id":99,"width":240,"height":240,"file_name":"slice_0098.png","license":0,"flickr_url":"","coco_url":"","date_captured":0},{"id":100,"width":240,"height":240,"file_name":"slice_0099.png","license":0,"flickr_url":"","coco_url":"","date_captured":0},{"id":101,"width":240,"height":240,"file_name":"slice_0100.png","license":0,"flickr_url":"","coco_url":"","date_captured":0},{"id":102,"width":240,"height":240,"file_name":"slice_0101.png","license":0,"flickr_url":"","coco_url":"","date_captured":0},{"id":103,"width":240,"height":240,"file_name":"slice_0102.png","license":0,"flickr_url":"","coco_url":"","date_captured":0},{"id":104,"width":240,"height":240,"file_name":"slice_0103.png","license":0,"flickr_url":"","coco_url":"","date_captured":0},{"id":105,"width":240,"height":240,"file_name":"slice_0104.png","license":0,"flickr_url":"","coco_url":"","date_captured":0},{"id":106,"width":240,"height":240,"file_name":"slice_0105.png","license":0,"flickr_url":"","coco_url":"","date_captured":0},{"id":107,"width":240,"height":240,"file_name":"slice_0106.png","license":0,"flickr_url":"","coco_url":"","date_captured":0},{"id":108,"width":240,"height":240,"file_name":"slice_0107.png","license":0,"flickr_url":"","coco_url":"","date_captured":0},{"id":109,"width":240,"height":240,"file_name":"slice_0108.png","license":0,"flickr_url":"","coco_url":"","date_captured":0},{"id":110,"width":240,"height":240,"file_name":"slice_0109.png","license":0,"flickr_url":"","coco_url":"","date_captured":0},{"id":111,"width":240,"height":240,"file_name":"slice_0110.png","license":0,"flickr_url":"","coco_url":"","date_captured":0},{"id":112,"width":240,"height":240,"file_name":"slice_0111.png","license":0,"flickr_url":"","coco_url":"","date_captured":0},{"id":113,"width":240,"height":240,"file_name":"slice_0112.png","license":0,"flickr_url":"","coco_url":"","date_captured":0},{"id":114,"width":240,"height":240,"file_name":"slice_0113.png","license":0,"flickr_url":"","coco_url":"","date_captured":0},{"id":115,"width":240,"height":240,"file_name":"slice_0114.png","license":0,"flickr_url":"","coco_url":"","date_captured":0},{"id":116,"width":240,"height":240,"file_name":"slice_0115.png","license":0,"flickr_url":"","coco_url":"","date_captured":0},{"id":117,"width":240,"height":240,"file_name":"slice_0116.png","license":0,"flickr_url":"","coco_url":"","date_captured":0},{"id":118,"width":240,"height":240,"file_name":"slice_0117.png","license":0,"flickr_url":"","coco_url":"","date_captured":0},{"id":119,"width":240,"height":240,"file_name":"slice_0118.png","license":0,"flickr_url":"","coco_url":"","date_captured":0},{"id":120,"width":240,"height":240,"file_name":"slice_0119.png","license":0,"flickr_url":"","coco_url":"","date_captured":0},{"id":121,"width":240,"height":240,"file_name":"slice_0120.png","license":0,"flickr_url":"","coco_url":"","date_captured":0},{"id":122,"width":240,"height":240,"file_name":"slice_0121.png","license":0,"flickr_url":"","coco_url":"","date_captured":0},{"id":123,"width":240,"height":240,"file_name":"slice_0122.png","license":0,"flickr_url":"","coco_url":"","date_captured":0},{"id":124,"width":240,"height":240,"file_name":"slice_0123.png","license":0,"flickr_url":"","coco_url":"","date_captured":0},{"id":125,"width":240,"height":240,"file_name":"slice_0124.png","license":0,"flickr_url":"","coco_url":"","date_captured":0},{"id":126,"width":240,"height":240,"file_name":"slice_0125.png","license":0,"flickr_url":"","coco_url":"","date_captured":0},{"id":127,"width":240,"height":240,"file_name":"slice_0126.png","license":0,"flickr_url":"","coco_url":"","date_captured":0},{"id":128,"width":240,"height":240,"file_name":"slice_0127.png","license":0,"flickr_url":"","coco_url":"","date_captured":0},{"id":129,"width":240,"height":240,"file_name":"slice_0128.png","license":0,"flickr_url":"","coco_url":"","date_captured":0},{"id":130,"width":240,"height":240,"file_name":"slice_0129.png","license":0,"flickr_url":"","coco_url":"","date_captured":0},{"id":131,"width":240,"height":240,"file_name":"slice_0130.png","license":0,"flickr_url":"","coco_url":"","date_captured":0},{"id":132,"width":240,"height":240,"file_name":"slice_0131.png","license":0,"flickr_url":"","coco_url":"","date_captured":0},{"id":133,"width":240,"height":240,"file_name":"slice_0132.png","license":0,"flickr_url":"","coco_url":"","date_captured":0},{"id":134,"width":240,"height":240,"file_name":"slice_0133.png","license":0,"flickr_url":"","coco_url":"","date_captured":0},{"id":135,"width":240,"height":240,"file_name":"slice_0134.png","license":0,"flickr_url":"","coco_url":"","date_captured":0},{"id":136,"width":240,"height":240,"file_name":"slice_0135.png","license":0,"flickr_url":"","coco_url":"","date_captured":0},{"id":137,"width":240,"height":240,"file_name":"slice_0136.png","license":0,"flickr_url":"","coco_url":"","date_captured":0},{"id":138,"width":240,"height":240,"file_name":"slice_0137.png","license":0,"flickr_url":"","coco_url":"","date_captured":0},{"id":139,"width":240,"height":240,"file_name":"slice_0138.png","license":0,"flickr_url":"","coco_url":"","date_captured":0},{"id":140,"width":240,"height":240,"file_name":"slice_0139.png","license":0,"flickr_url":"","coco_url":"","date_captured":0},{"id":141,"width":240,"height":240,"file_name":"slice_0140.png","license":0,"flickr_url":"","coco_url":"","date_captured":0},{"id":142,"width":240,"height":240,"file_name":"slice_0141.png","license":0,"flickr_url":"","coco_url":"","date_captured":0},{"id":143,"width":240,"height":240,"file_name":"slice_0142.png","license":0,"flickr_url":"","coco_url":"","date_captured":0},{"id":144,"width":240,"height":240,"file_name":"slice_0143.png","license":0,"flickr_url":"","coco_url":"","date_captured":0},{"id":145,"width":240,"height":240,"file_name":"slice_0144.png","license":0,"flickr_url":"","coco_url":"","date_captured":0},{"id":146,"width":240,"height":240,"file_name":"slice_0145.png","license":0,"flickr_url":"","coco_url":"","date_captured":0},{"id":147,"width":240,"height":240,"file_name":"slice_0146.png","license":0,"flickr_url":"","coco_url":"","date_captured":0},{"id":148,"width":240,"height":240,"file_name":"slice_0147.png","license":0,"flickr_url":"","coco_url":"","date_captured":0},{"id":149,"width":240,"height":240,"file_name":"slice_0148.png","license":0,"flickr_url":"","coco_url":"","date_captured":0},{"id":150,"width":240,"height":240,"file_name":"slice_0149.png","license":0,"flickr_url":"","coco_url":"","date_captured":0},{"id":151,"width":240,"height":240,"file_name":"slice_0150.png","license":0,"flickr_url":"","coco_url":"","date_captured":0},{"id":152,"width":240,"height":240,"file_name":"slice_0151.png","license":0,"flickr_url":"","coco_url":"","date_captured":0},{"id":153,"width":240,"height":240,"file_name":"slice_0152.png","license":0,"flickr_url":"","coco_url":"","date_captured":0},{"id":154,"width":240,"height":240,"file_name":"slice_0153.png","license":0,"flickr_url":"","coco_url":"","date_captured":0},{"id":155,"width":240,"height":240,"file_name":"slice_0154.png","license":0,"flickr_url":"","coco_url":"","date_captured":0}],"annotations":[]}